{"lr": 2.467198171342e-07, "train_acc": 1.0, "train_loss": 4.524878953107405e-09, "eval_acc": 0.9822857142857143, "eval_loss": 0.6580834977597176, "_timestamp": 1697402926.0808446, "_runtime": 49790.011974573135, "_step": 99, "_wandb": {"runtime": 49789}}