{"_wandb": {"runtime": 604}, "lr": 0.001, "train_acc": 0.9771944444444445, "train_loss": 0.06336699434994889, "eval_acc": 0.9474285714285714, "eval_loss": 0.17118679463535627, "_timestamp": 1697352653.627167, "_runtime": 605.0243148803711, "_step": 0}