{"lr": 6.25e-05, "train_acc": 1.0, "train_loss": 2.427822281873265e-06, "eval_acc": 0.917841726618705, "eval_loss": 0.9583402003425685, "_timestamp": 1697625558.8002424, "_runtime": 23768.902787446976, "_step": 49, "_wandb": {"runtime": 23768}}