{"lr": 6.25e-05, "train_acc": 1.0, "train_loss": 1.0378153357583446e-05, "eval_acc": 0.8552173913043478, "eval_loss": 1.5675414299508577, "_timestamp": 1697625878.8489788, "_runtime": 24049.350672721863, "_step": 49, "_wandb": {"runtime": 24048}}