{"lr": 2.467198171342e-07, "train_acc": 1.0, "train_loss": 2.0447494752199682e-09, "eval_acc": 0.9632857142857143, "eval_loss": 0.32361425696873064, "_timestamp": 1697400441.6879146, "_runtime": 47302.94052863121, "_step": 99, "_wandb": {"runtime": 47302}}