{"lr": 0.0005, "train_acc": 0.9963194444444444, "train_loss": 0.015713438001771766, "eval_acc": 0.95325, "eval_loss": 0.25856695405074526, "_timestamp": 1700163920.4599056, "_runtime": 20549.57944369316, "_step": 19, "_wandb": {"runtime": 20548}}