{"_wandb": {"runtime": 1011}, "lr": 0.001, "train_acc": 0.9557777777777777, "train_loss": 0.11467896779223034, "eval_acc": 0.9438129496402877, "eval_loss": 0.2178543884629744, "_timestamp": 1697600753.631025, "_runtime": 903.7438201904297, "_step": 0}