{"lr": 2.467198171342e-07, "train_acc": 1.0, "train_loss": 2.726901195910298e-09, "eval_acc": 0.9146762589928058, "eval_loss": 0.7672568534967823, "_timestamp": 1697399787.2135005, "_runtime": 46643.10381555557, "_step": 99, "_wandb": {"runtime": 46642}}