{"lr": 0.0005, "train_acc": 0.9964791666666667, "train_loss": 0.014887613404956129, "eval_acc": 0.9495714285714286, "eval_loss": 0.26711627964036805, "_timestamp": 1700122960.8695831, "_runtime": 21001.45555615425, "_step": 19, "_wandb": {"runtime": 21000}}