{"_wandb": {"runtime": 1109}, "lr": 0.001, "train_acc": 0.9220138888888889, "train_loss": 0.2224434633023209, "eval_acc": 0.9167142857142857, "eval_loss": 0.2530307926961354, "_timestamp": 1700100864.1939, "_runtime": 1110.0523722171783, "_step": 0}