{"lr": 1.953125e-06, "train_acc": 1.0, "train_loss": 1.6508436308626527e-08, "eval_acc": 0.9174820143884892, "eval_loss": 1.0086040570227492, "_timestamp": 1697515543.402005, "_runtime": 47280.753226041794, "_step": 99, "_wandb": {"runtime": 47280}}