{"_wandb": {"runtime": 491}, "lr": 0.001, "train_acc": 0.9405833333333333, "train_loss": 0.15113374239340838, "eval_acc": 0.8533333333333334, "eval_loss": 0.4378772298975663, "_timestamp": 1697280868.3528929, "_runtime": 491.87125182151794, "_step": 0}