{"lr": 1.953125e-06, "train_acc": 1.0, "train_loss": 1.8675949125955702e-09, "eval_acc": 0.9913571428571428, "eval_loss": 0.0625031538513386, "_timestamp": 1697518256.5040307, "_runtime": 50039.63116359711, "_step": 99, "_wandb": {"runtime": 50038}}