{"_wandb": {"runtime": 647}, "lr": 0.001, "train_acc": 0.9321388888888889, "train_loss": 0.16946117447337342, "eval_acc": 0.9284172661870503, "eval_loss": 0.176896121005542, "_timestamp": 1697278281.3700464, "_runtime": 648.3773872852325, "_step": 0}