{"_wandb": {"runtime": 606}, "lr": 0.001, "train_acc": 0.9130277777777778, "train_loss": 0.21531457861233502, "eval_acc": 0.8763768115942029, "eval_loss": 0.33022535814716436, "_timestamp": 1697278281.363195, "_runtime": 607.1620659828186, "_step": 0}