{"_wandb": {"runtime": 1120}, "lr": 0.001, "train_acc": 0.9771944444444445, "train_loss": 0.06336699434994889, "eval_acc": 0.9474285714285714, "eval_loss": 0.17118679463535627, "_timestamp": 1697600485.3851798, "_runtime": 680.7930557727814, "_step": 0}