{"lr": 6.25e-05, "train_acc": 1.0, "train_loss": 8.554400585580879e-07, "eval_acc": 0.9617857142857142, "eval_loss": 0.3823951116799077, "_timestamp": 1697625883.9644265, "_runtime": 24125.995807409286, "_step": 49, "_wandb": {"runtime": 24125}}