{"lr": 1.953125e-06, "train_acc": 1.0, "train_loss": 1.3340798675542942e-08, "eval_acc": 0.9615, "eval_loss": 0.3915752424851197, "_timestamp": 1697515921.8743196, "_runtime": 47700.849655628204, "_step": 99, "_wandb": {"runtime": 47700}}