{"lr": 1.953125e-06, "train_acc": 1.0, "train_loss": 1.4395419563347408e-08, "eval_acc": 0.861159420289855, "eval_loss": 1.5817080472189913, "_timestamp": 1697516826.4013913, "_runtime": 48440.92343235016, "_step": 99, "_wandb": {"runtime": 48440}}