{"_wandb": {"runtime": 595}, "lr": 0.001, "train_acc": 0.9405833333333333, "train_loss": 0.15113374239340838, "eval_acc": 0.8533333333333334, "eval_loss": 0.4378772298975663, "_timestamp": 1697352653.6397543, "_runtime": 596.5322442054749, "_step": 0}