{"_wandb": {"runtime": 783}, "lr": 0.001, "train_acc": 0.9674722222222222, "train_loss": 0.08894651136631082, "eval_acc": 0.9646428571428571, "eval_loss": 0.08380736128301335, "_timestamp": 1697278281.3385, "_runtime": 784.3142640590668, "_step": 0}