{"lr": 6.25e-05, "train_acc": 1.0, "train_loss": 1.0153069990386973e-06, "eval_acc": 0.9895, "eval_loss": 0.061890458512900814, "_timestamp": 1697626577.4828317, "_runtime": 24853.390944719315, "_step": 49, "_wandb": {"runtime": 24852}}