{"_wandb": {"runtime": 691}, "lr": 0.001, "train_acc": 0.9544166666666667, "train_loss": 0.12400195567199909, "eval_acc": 0.8872857142857142, "eval_loss": 0.40635384489379067, "_timestamp": 1697278281.3999867, "_runtime": 692.4148948192596, "_step": 0}