{"_wandb": {"runtime": 601}, "lr": 0.001, "train_acc": 0.9686388888888889, "train_loss": 0.0835374035720209, "eval_acc": 0.9339285714285714, "eval_loss": 0.27639798522692705, "_timestamp": 1697352653.654696, "_runtime": 602.4193379878998, "_step": 0}