{"lr": 2.467198171342e-07, "train_acc": 1.0, "train_loss": 3.273038905731656e-08, "eval_acc": 0.8401449275362319, "eval_loss": 1.9625929834551268, "_timestamp": 1697401105.4646232, "_runtime": 47957.50586915016, "_step": 99, "_wandb": {"runtime": 47956}}