{"_wandb": {"runtime": 982}, "lr": 0.001, "train_acc": 0.9557777777777777, "train_loss": 0.11467896779223034, "eval_acc": 0.9438129496402877, "eval_loss": 0.2178543884629744, "_timestamp": 1697600796.0264304, "_runtime": 919.5836684703827, "_step": 0}