{"_wandb": {"runtime": 1085}, "lr": 0.001, "train_acc": 0.9686388888888889, "train_loss": 0.0835374035720209, "eval_acc": 0.9339285714285714, "eval_loss": 0.27639798522692705, "_timestamp": 1697600485.384849, "_runtime": 652.0004510879517, "_step": 0}