{"_wandb": {"runtime": 500}, "lr": 0.001, "train_acc": 0.9557777777777777, "train_loss": 0.11467896779223034, "eval_acc": 0.9438129496402877, "eval_loss": 0.2178543884629744, "_timestamp": 1697280030.5213826, "_runtime": 501.46930265426636, "_step": 0}